{"cameraMode":{"drawMode":0,"name":"Shaded","section":"Shading Mode"},"sceneLighting":true,"audioPlay":false,"sceneViewState":{"m_AlwaysRefresh":false,"showFog":true,"showSkybox":false,"showFlares":true,"showImageEffects":true,"showParticleSystems":true,"showVisualEffectGraphs":true,"m_FxEnabled":true},"in2DMode":false,"pivot":{"x":0.0028672218322753908,"y":2.1700000762939455,"z":9.5367431640625e-7},"rotation":{"x":0.031922511756420138,"y":0.9671058058738709,"z":-0.1493709534406662,"w":0.20451205968856812},"size":4.2853593826293949,"orthographic":false}