{"cameraMode":{"drawMode":0,"name":"Shaded","section":"Shading Mode"},"sceneLighting":true,"audioPlay":false,"sceneViewState":{"m_AlwaysRefresh":false,"showFog":true,"showSkybox":false,"showFlares":true,"showImageEffects":true,"showParticleSystems":true,"showVisualEffectGraphs":true,"m_FxEnabled":true},"in2DMode":false,"pivot":{"x":4.017465591430664,"y":2.8324811458587648,"z":-0.005292084068059921},"rotation":{"x":0.08122416585683823,"y":0.7976075410842896,"z":-0.11028393357992172,"w":0.5874267816543579},"size":0.22876624763011933,"orthographic":false}