{"cameraMode":{"drawMode":0,"name":"Shaded","section":"Shading Mode"},"sceneLighting":true,"audioPlay":false,"sceneViewState":{"m_AlwaysRefresh":false,"showFog":true,"showSkybox":false,"showFlares":true,"showImageEffects":true,"showParticleSystems":true,"showVisualEffectGraphs":true,"m_FxEnabled":true},"in2DMode":false,"pivot":{"x":-2.2947185039520265,"y":-0.39054393768310549,"z":-2.1159613132476808},"rotation":{"x":-0.13707810640335084,"y":0.8438105583190918,"z":-0.25568103790283205,"w":-0.4517102539539337},"size":2.7233173847198488,"orthographic":false}