{"cameraMode":{"drawMode":0,"name":"Shaded","section":"Shading Mode"},"sceneLighting":true,"audioPlay":false,"sceneViewState":{"m_AlwaysRefresh":false,"showFog":true,"showSkybox":false,"showFlares":true,"showImageEffects":true,"showParticleSystems":true,"showVisualEffectGraphs":true,"m_FxEnabled":true},"in2DMode":false,"pivot":{"x":-0.039999961853027347,"y":1.6700000762939454,"z":0.49321460723876955},"rotation":{"x":-0.1997368335723877,"y":0.35125696659088137,"z":-0.07695700973272324,"w":-0.9115306735038757},"size":10.340124130249024,"orthographic":false}