{"cameraMode":{"drawMode":0,"name":"Shaded","section":"Shading Mode"},"sceneLighting":false,"audioPlay":false,"sceneViewState":{"m_AlwaysRefresh":false,"showFog":true,"showSkybox":false,"showFlares":true,"showImageEffects":true,"showParticleSystems":true,"showVisualEffectGraphs":true,"m_FxEnabled":true},"in2DMode":false,"pivot":{"x":-0.9420827627182007,"y":1.7709641456604005,"z":0.7018002271652222},"rotation":{"x":0.08514522761106491,"y":-0.8850522041320801,"z":0.17768864333629609,"w":0.4220297634601593},"size":1.3707013130187989,"orthographic":false}