{"cameraMode":{"drawMode":0,"name":"Shaded","section":"Shading Mode"},"sceneLighting":false,"audioPlay":false,"sceneViewState":{"m_AlwaysRefresh":false,"showFog":true,"showSkybox":false,"showFlares":true,"showImageEffects":true,"showParticleSystems":true,"showVisualEffectGraphs":true,"m_FxEnabled":true},"in2DMode":false,"pivot":{"x":-3.3808395862579347,"y":-0.03728294372558594,"z":1.0517184734344483},"rotation":{"x":0.2178351879119873,"y":-0.2648636996746063,"z":0.06161877512931824,"w":0.9375760555267334},"size":4.124879360198975,"orthographic":false}