{"cameraMode":{"drawMode":0,"name":"Shaded","section":"Shading Mode"},"sceneLighting":true,"audioPlay":false,"sceneViewState":{"m_AlwaysRefresh":false,"showFog":true,"showSkybox":true,"showFlares":true,"showImageEffects":true,"showParticleSystems":true,"showVisualEffectGraphs":true,"m_FxEnabled":true},"in2DMode":false,"pivot":{"x":-7.665592670440674,"y":-0.9609683752059937,"z":-19.319332122802736},"rotation":{"x":-0.004554431885480881,"y":0.8721210956573486,"z":-0.008119353093206883,"w":-0.4892023205757141},"size":10.248700141906739,"orthographic":false}