{"cameraMode":{"drawMode":0,"name":"Shaded","section":"Shading Mode"},"sceneLighting":true,"audioPlay":false,"sceneViewState":{"m_AlwaysRefresh":false,"showFog":true,"showSkybox":true,"showFlares":true,"showImageEffects":true,"showParticleSystems":true,"showVisualEffectGraphs":true,"m_FxEnabled":true},"in2DMode":false,"pivot":{"x":0.21299999952316285,"y":0.8410000205039978,"z":4.232999801635742},"rotation":{"x":0.06638435274362564,"y":0.9276329874992371,"z":-0.19947576522827149,"w":0.30875009298324587},"size":1.5588458776474,"orthographic":false}