{"cameraMode":{"drawMode":0,"name":"Shaded","section":"Shading Mode"},"sceneLighting":true,"audioPlay":false,"sceneViewState":{"m_AlwaysRefresh":false,"showFog":true,"showSkybox":true,"showFlares":true,"showImageEffects":true,"showParticleSystems":true,"showVisualEffectGraphs":true,"m_FxEnabled":true},"in2DMode":false,"pivot":{"x":11.563268661499024,"y":0.9160735607147217,"z":-1.4963312149047852},"rotation":{"x":-0.18936039507389069,"y":-0.004423114471137524,"z":0.000866882037371397,"w":-0.9819194674491882},"size":3.694248914718628,"orthographic":false}