{"cameraMode":{"drawMode":0,"name":"Shaded","section":"Shading Mode"},"sceneLighting":true,"audioPlay":false,"sceneViewState":{"m_AlwaysRefresh":false,"showFog":true,"showSkybox":true,"showFlares":true,"showImageEffects":true,"showParticleSystems":true,"showVisualEffectGraphs":true,"m_FxEnabled":true},"in2DMode":false,"pivot":{"x":-3.416365146636963,"y":-2.7169337272644045,"z":-4.320000171661377},"rotation":{"x":0.022814622148871423,"y":0.012382665649056435,"z":0.0000824949675006792,"w":0.9998877048492432},"size":1.2107690572738648,"orthographic":false}